phrases,count,type
gold coin,31,gold
buy gold,24,gold
gold price,23,gold
gold silver,21,gold
physical gold,21,gold
buying gold,20,gold
gold bar,17,gold
oz gold,12,gold
gold eagle,11,gold
gold standard,8,gold
best way,8,gold
gold bullion,7,gold
gold stack,7,gold
silver gold,7,gold
american gold,7,gold
new gold,7,gold
perth mint,6,gold
invest gold,6,gold
paper gold,6,gold
need advice,6,gold
gold stock,6,gold
selling gold,6,gold
gold piece,6,gold
year ago,6,gold
american gold eagle,6,gold
spot price,6,gold
sell gold,6,gold
jm bullion,6,gold
gold spot,6,gold
ounce gold,5,gold
good deal,5,gold
way buy,5,gold
precious metal,5,gold
gold right,5,gold
price gold,5,gold
gold jewelry,5,gold
thought guy,4,gold
toilet paper,4,gold
maple leaf,4,gold
gold rush,4,gold
piece gold,4,gold
gold buffalo,4,gold
gold oz,4,gold
gram gold,4,gold
month ago,4,gold
pamp suisse,4,gold
federal reserve,4,gold
gold platinum,4,gold
best way buy,4,gold
gram bar,4,gold
gold silver,50,gold
buy gold,40,gold
gold price,36,gold
gold coin,35,gold
physical gold,30,gold
spot price,26,gold
oz gold,24,gold
gold bar,23,gold
buying gold,19,gold
precious metal,16,gold
gold dollar,16,gold
jm bullion,15,gold
gold stock,14,gold
gold gold,14,gold
price gold,14,gold
stock market,14,gold
ounce gold,13,gold
gold eagle,13,gold
dollar gold,12,gold
oz coin,12,gold
gold standard,12,gold
make sense,11,gold
central bank,10,gold
sale tax,10,gold
invest gold,10,gold
value gold,10,gold
thanks advance,9,gold
investing gold,9,gold
ounce coin,9,gold
best way,9,gold
bullion coin,9,gold
dollar euro,9,gold
american eagle,8,gold
let know,8,gold
know gold,8,gold
hey guy,8,gold
want buy,8,gold
silver coin,8,gold
fiat currency,8,gold
bar coin,8,gold
bought gold,8,gold
buy ounce,7,gold
gold like,7,gold
long term,7,gold
gold dollar euro,7,gold
coin bar,7,gold
american gold,7,gold
looking buy,7,gold
new gold,6,gold
perth mint,6,gold
gold coin,26,gold
gold price,16,gold
buying gold,16,gold
buy gold,16,gold
gold bar,15,gold
gold silver,14,gold
physical gold,13,gold
gold eagle,8,gold
gold stack,7,gold
gold bullion,7,gold
oz gold,7,gold
best way,6,gold
gold stock,6,gold
need advice,5,gold
jm bullion,5,gold
gold jewelry,5,gold
gold spot,5,gold
silver gold,5,gold
perth mint,5,gold
american gold,5,gold
ounce gold,4,gold
peter schiff,4,gold
selling gold,4,gold
gold piece,4,gold
sell gold,4,gold
pamp suisse,4,gold
federal reserve,4,gold
buy gol,4,gold
new gold,4,gold
american gold eagle,4,gold
time buy gold,3,gold
royal mint,3,gold
time buy,3,gold
bought gold,3,gold
good time,3,gold
physical gol,3,gold
oz american,3,gold
started collecting,3,gold
bar coin,3,gold
gold bug,3,gold
stock market,3,gold
way buy,3,gold
american eagle,3,gold
buying physical,3,gold
gold little,3,gold
gold platinum,3,gold
best way buy,3,gold
bullion coin,3,gold
gram bar,3,gold
price difference,3,gold
silver bar,22,silver
silver gold,15,silver
oz bar,13,silver
oz silver,12,silver
today stack,11,silver
buy silver,9,silver
silver coin,9,silver
silver eagle,8,silver
precious metal,8,silver
maple leaf,8,silver
covid bar,8,silver
state stack,7,silver
mail today,7,silver
bullion coin,7,silver
buying silver,7,silver
oz silver bar,6,silver
gold eagle,6,silver
today mail,5,silver
canadian mint,5,silver
gold silver,5,silver
little bit,5,silver
came today,5,silver
let know,5,silver
poured silver,5,silver
elizabeth ii,5,silver
pawn shop,5,silver
spot price,5,silver
silver price,5,silver
new favorite,5,silver
royal canadian mint,5,silver
hand poured,5,silver
guy think,5,silver
royal canadian,5,silver
best place,4,silver
love oz,4,silver
stack far,4,silver
started collecting,4,silver
start stacking,4,silver
metal detecting,4,silver
good deal,4,silver
oz covid,4,silver
silver proof,4,silver
newest addition,4,silver
poured bar,4,silver
scottsdale mint,4,silver
pocket piece,4,silver
bit gold,4,silver
peace dollar,4,silver
addition stack,4,silver
sterling silver,4,silver
spot price,24,silver
silver gold,20,silver
precious metal,19,silver
paid cash random,18,silver
cash random,18,silver
paid cash,18,silver
silver random,18,silver
silver coin,17,silver
pending silver,16,silver
pending silver random,15,silver
silver bar,15,silver
gold silver,14,silver
buy silver,14,silver
oz bar,14,silver
oz silver,13,silver
oz gold,8,silver
buying silver,8,silver
gold eagle,7,silver
thanks advance,7,silver
let know,7,silver
new stacker,7,silver
gold coin,7,silver
view poll,7,silver
higher premium,7,silver
month ago,7,silver
coin oz,6,silver
looking buy,6,silver
price silver,6,silver
place buy,6,silver
long term,6,silver
maple leaf,6,silver
new silver,6,silver
paypal account,5,silver
covid bar,5,silver
bullion coin,5,silver
oz coin,5,silver
oz oz,5,silver
cast bar,5,silver
cash app,5,silver
coin shop,5,silver
junk silver,5,silver
high premium,5,silver
walking liberty,5,silver
silver spot,5,silver
good service,5,silver
secondary market,5,silver
cash gold,5,silver
walking liberty round,4,silver
guy know,4,silver
tracking number,4,silver
silver bar,18,silver
today stack,11,silver
oz bar,9,silver
silver coin,8,silver
oz silver,8,silver
covid bar,8,silver
mail today,7,silver
state stack,7,silver
buy silver,6,silver
maple leaf,6,silver
buying silver,6,silver
today mail,5,silver
precious metal,5,silver
silver gold,5,silver
newest addition,4,silver
toner tuesday,4,silver
oz covid,4,silver
oz silver bar,4,silver
silver spot,4,silver
poured bar,4,silver
reverse proof,4,silver
scottsdale mint,4,silver
stack far,4,silver
silver price,4,silver
came today,4,silver
gold eagle,4,silver
best place,4,silver
sterling silver,4,silver
gold silver,4,silver
elizabeth ii,4,silver
pawn shop,4,silver
finally got,4,silver
silver gol,4,silver
envela oz,3,silver
american gold,3,silver
gold coin,3,silver
inherited silver,3,silver
money series,3,silver
war nickles,3,silver
playing card,3,silver
little bit,3,silver
oz coin,3,silver
congo franc,3,silver
guy like,3,silver
got today,3,silver
current stack,3,silver
playing card money,3,silver
silver cheap,3,silver
silver cheap year,3,silver
dollar playing card,3,silver
